	Category	Odds Ratio	p-value
0	log_{2}(PS_{FC}) < 0	1.3912190082644629	0.002129294773557191
1	log_{2}(PS_{FC}) > 0	0.4868355688027819	0.0008801528748264383
