	Category	Odds Ratio	p-value
0	log_{2}(PS_{FC}) < 0	1.237936896386806	0.0001249179283955511
1	log_{2}(PS_{FC}) > 0	0.4830184981448405	3.729351339395287e-20
