	Category	Odds Ratio	p-value
0	log_{2}(PS_{FC}) < 0	1.0159715308797699	0.8852584517136656
1	log_{2}(PS_{FC}) > 0	0.18197313286797517	2.122363018770235e-59
