	Category	Odds Ratio	p-value
0	log_{2}(PS_{FC}) < 0	1.13879750728824	0.41695986958422254
1	log_{2}(PS_{FC}) > 0	0.18472644655355638	1.7165141199645758e-10
