Mean Total,SEM Total
362858.08333333326,104585.61581774344
