Mean Length,SEM Length
964.1843592225059,0.3584440670663477
